far,idr,thr
0.001,0.41397738951695784,-0.3664176818728401
0.0010069316688518044,0.41521068859198357,-0.36685467427351637
0.0010139113857366789,0.416032887975334,-0.36729469576079404
0.0010209394837076798,0.4168550873586845,-0.3677377673313061
0.0010280162981264735,0.41788283658787256,-0.36818391012723356
0.0010351421666793441,0.418705035971223,-0.3686331454372752
0.0010423174293933035,0.4197327852004111,-0.36908549469772345
0.001049542428652322,0.4209660842754368,-0.36954097949345527
0.0010568175092136585,0.42158273381294964,-0.369999621558944
0.0010641430182243164,0.4226104830421377,-0.3704614427793783
0.001071519305237606,0.4236382322713258,-0.37092646519156736
0.0010789467222298286,0.42569373072970196,-0.371394710985113
0.0010864256236170656,0.4265159301130524,-0.37186620250345387
0.0010939563662720941,0.42816032887975336,-0.37234096224486635
0.0011015393095414145,0.4289825282631038,-0.3728190128635837
0.0011091748152624009,0.4298047276464543,-0.37330037717089315
0.001116863247780561,0.43103802672147995,-0.373662855918814
0.0011246049739669268,0.43103802672147995,-0.3736861870220383
0.0011324003632355566,0.43103802672147995,-0.37370967984874387
0.0011402497875611685,0.43103802672147995,-0.37373333551994525
0.0011481536214968829,0.43103802672147995,-0.37375715516442515
0.0011561122421920992,0.43103802672147995,-0.37378113991879275
0.0011641260294104909,0.43103802672147995,-0.3738052909275358
0.0011721953655481304,0.43103802672147995,-0.37382960934307335
0.0011803206356517297,0.43103802672147995,-0.3738540963258143
0.001188502227437019,0.4312435765673176,-0.37387875304421125
0.0011967405313072432,0.4312435765673176,-0.3739035806748146
0.0012050359403717973,0.4314491264131552,-0.3739285804023316
0.0012133888504649774,0.4314491264131552,-0.37395375341968173
0.0012217996601648724,0.4314491264131552,-0.37397910092805203
0.0012302687708123812,0.4316546762589928,-0.3740046241369562
0.001238796586530369,0.4316546762589928,-0.37403032426429267
0.0012473835142429433,0.4316546762589928,-0.37405620253640165
0.0012560299636948755,0.4316546762589928,-0.37408226018812324
0.0012647363474711508,0.43186022610483044,-0.3741084984628574
0.0012735030810166615,0.43186022610483044,-0.37413491861262305
0.0012823305826560219,0.43186022610483044,-0.37416152189811835
0.0012912192736135347,0.43186022610483044,-0.37418830958877847
0.00130016957803329,0.43206577595066803,-0.37421528296284
0.001309181922999407,0.43206577595066803,-0.37430528025078563
0.0013182567385564075,0.43206577595066803,-0.3743993213952945
0.0013273944577297401,0.4324768756423433,-0.3744940144018768
0.0013365955165464418,0.4330935251798561,-0.3745893637890206
0.0013458603540559483,0.4330935251798561,-0.374685374106543
0.0013551894123510365,0.4330935251798561,-0.3747820499357935
0.001364583136588924,0.43329907502569376,-0.37487939588987773
0.0013740419750125148,0.43329907502569376,-0.37497741661388007
0.001383566378971781,0.43371017471736895,-0.37507611678508074
0.0013931568029453036,0.43371017471736895,-0.3751755011131836
0.0014028137045619575,0.4339157245632066,-0.3752755743405401
0.001412537544622754,0.43514902363823227,-0.37537634124236835
0.0014223287871228199,0.43535457348406986,-0.3754778066269911
0.001432187899273544,0.4355601233299075,-0.37557997533606013
0.0014421153515248681,0.4357656731757451,-0.3756828522447872
0.001452111617587742,0.4365878725590956,-0.37578644226217883
0.0014621771744567182,0.4365878725590956,-0.37589075033126734
0.0014723125024327193,0.43720452209660843,-0.3759957814293492
0.001482518085145953,0.43720452209660843,-0.37610154056822126
0.001492794409578996,0.4382322713257965,-0.37644938667733635
0.0015031419660900224,0.44028776978417267,-0.3769494084756668
0.0015135612484362087,0.441726618705036,-0.37745289625952416
0.0015240527537972906,0.44316546762589926,-0.37795987405397474
0.0015346169827992941,0.4446043165467626,-0.3784703660506055
0.0015452544395384142,0.4468653648509764,-0.3789843966087078
0.001555965631605075,0.44809866392600206,-0.3795019902564207
0.0015667510701081486,0.44994861253854057,-0.3800231716918985
0.0015776112696993484,0.4511819116135663,-0.3805479657845034
0.001588546748597779,0.4526207605344296,-0.38107639757597295
0.0015995580286146695,0.4538540596094553,-0.3816084922816204
0.00161064563517827,0.4546762589928058,-0.3821442752915761
0.0016218100973589297,0.4567317574511819,-0.38268377217192245
0.0016330519478943346,0.45878725590955804,-0.3832270086660087
0.0016443717232149323,0.46104830421377185,-0.3837740106955695
0.0016557699634695275,0.4624871531346352,-0.38432480436206445
0.0016672472125510626,0.4641315519013361,-0.38487941594785374
0.0016788040181225606,0.46474820143884893,-0.38516624008403383
0.001690440931643265,0.46515930113052417,-0.385246950082247
0.0017021585083949501,0.46515930113052417,-0.38532821953544055
0.0017139573075084253,0.465775950668037,-0.3854100523215727
0.001725837891990204,0.4659815005138746,-0.3854924523454782
0.0017378008287493763,0.4659815005138746,-0.3855754235390636
0.0017498466886246564,0.46618705035971225,-0.38565896986148684
0.0017619760464116293,0.46639260020554985,-0.3857430952993506
0.0017741894808901662,0.46639260020554985,-0.3858278038668909
0.0017864875748520499,0.46659815005138744,-0.38591309960617187
0.0017988709151287874,0.4668036998972251,-0.38599898658727183
0.0018113400926196026,0.4674203494347379,-0.3860854689084828
0.0018238957023196385,0.4676258992805755,-0.38617255069650597
0.0018365383433483473,0.4676258992805755,-0.38626023610664656
0.0018492686189780778,0.4676258992805755,-0.38634852932301395
0.0018620871366628676,0.4682425488180884,-0.38644217808940995
0.0018749945080674191,0.468448098663926,-0.3865468479134975
0.0018879913490962926,0.4686536485097636,-0.3866522432741468
0.0019010782799232997,0.46906474820143884,-0.38675836920053314
0.001914255925021086,0.4692702980472765,-0.3868652307566981
0.0019275249131909366,0.4696813977389517,-0.3869728330417829
0.0019408858775927793,0.4700924974306269,-0.3870811811902763
0.0019543394557753942,0.47050359712230216,-0.3871902803722556
0.001967886289706845,0.47070914696813976,-0.3873001357936377
0.001981527025805099,0.4709146968139774,-0.38741075269642017
0.001995262314968879,0.471120246659815,-0.3875221363589443
0.002009092812608728,0.471120246659815,-0.3876342920961309
0.002023019178678272,0.4713257965056526,-0.38774722525974736
0.0020370420777057192,0.4713257965056526,-0.3878609412386574
0.0020511621788255646,0.4713257965056526,-0.38793580024859153
0.0020653801558105293,0.4713257965056526,-0.38797401244139884
0.002079696687103696,0.4713257965056526,-0.38801248950847356
0.0020941124558508935,0.4713257965056526,-0.3880512332858353
0.002108628149933289,0.4713257965056526,-0.3880902456222319
0.002123244462000219,0.4713257965056526,-0.3881295283792256
0.0021379620895022326,0.4713257965056526,-0.38816908343128226
0.0021527817347243737,0.4713257965056526,-0.38820891266586055
0.002167704104819694,0.4713257965056526,-0.38824901798350486
0.0021827299118430013,0.47153134635149024,-0.38828940129792916
0.0021978598727848252,0.47153134635149024,-0.38833006453611746
0.0022130947096056387,0.47153134635149024,-0.3883710096384064
0.002228435149270303,0.47153134635149024,-0.38841223855858564
0.002243881923782766,0.47317574511819116,-0.3894834159906037
0.0022594357702209783,0.47564234326824256,-0.39065086901063206
0.0022750974307720715,0.4797533401849949,-0.39182641442837773
0.0022908676527677724,0.4830421377183967,-0.39301010833768735
0.002306747188720069,0.4869475847893114,-0.39420200722121196
0.0023227367963571076,0.48859198355601235,-0.39540216795308336
0.0023388372386593534,0.49311408016443986,-0.3966106478017043
0.002355049283896009,0.4961973278520041,-0.3978275044324886
0.0023713737056616554,0.4988694758478931,-0.3990527959104483
0.0023878112829131782,0.5035971223021583,-0.40028658070318757
0.0024043628000069346,0.5066803699897225,-0.4015289176835406
0.0024210290467361778,0.5093525179856115,-0.4027838105987108
0.0024378108183687524,0.513874614594039,-0.4040553141991007
0.002454708915685031,0.516546762589928,-0.4053356314413539
0.002471724145016129,0.519218910585817,-0.4066248234187802
0.00248885731828239,0.521891058581706,-0.40792295164806985
0.0025061092530321138,0.5251798561151079,-0.4092300780723796
0.0025234807724805754,0.529907502569373,-0.4105462650642135
0.0025409727055493063,0.5344295991778006,-0.41187157542841873
0.0025585858869056452,0.5381294964028777,-0.41320607240518215
0.0025763211570025753,0.5420349434737924,-0.41454981967308974
0.002594179362118815,0.544912641315519,-0.41590288135205933
0.0026121613543992053,0.5482014388489208,-0.4169918053989813
0.0026302679918953813,0.5508735868448099,-0.4179092471180717
0.002648500138606701,0.5527235354573484,-0.41883304823934414
0.0026668586645214806,0.5539568345323741,-0.4197632528440932
0.0026853444456585063,0.5543679342240493,-0.4206999053191124
0.0027039583641088436,0.5572456320657759,-0.4216430503589206
0.0027227013080779127,0.5605344295991778,-0.42259273296782535
0.0027415741719278835,0.5623843782117164,-0.42354899846208083
0.002760577856220345,0.5648509763617677,-0.42451189247208837
0.0027797132677592883,0.5677286742034944,-0.4254814609445026
0.002798981319634363,0.56896197327852,-0.4258900081602885
0.002818382931264455,0.5691675231243577,-0.42594845978230605
0.002837919028441555,0.5691675231243577,-0.42600731657161023
0.0028575905433749467,0.5691675231243577,-0.42606658133668845
0.0028773984147356696,0.5693730729701952,-0.4261262569054917
0.0028973435877013244,0.5695786228160329,-0.4261863461255773
0.002917427014001166,0.5697841726618705,-0.4262468518642379
0.0029376496519615304,0.5697841726618705,-0.42630777700864203
0.0029580124665515464,0.5697841726618705,-0.42636912446597297
0.002978516429429191,0.5704008221993834,-0.42661649137987884
0.0029991625189876503,0.5734840698869476,-0.4273576200797585
0.003019951720402016,0.5755395683453237,-0.4281038860383602
0.00304088502567628,0.576978417266187,-0.42885532486546224
0.0030619634336906754,0.5778006166495375,-0.4296119724176743
0.0030831879502493534,0.578622816032888,-0.43037386480016
0.0031045595881283557,0.5808838643371017,-0.43114103836834133
0.0031260793671239557,0.5827338129496403,-0.43191352972964
0.0031477483141013176,0.5843782117163412,-0.43269137574525446
0.00316956746304349,0.5852004110996917,-0.43326937255861636
0.0031915378551007614,0.5856115107913669,-0.433643984153266
0.0032136605386403182,0.5868448098663926,-0.4340211924314448
0.003235936569296281,0.587667009249743,-0.4344010153924902
0.003258367010020087,0.5889003083247688,-0.43478347116052324
0.0032809529311311906,0.5897225077081192,-0.43516857798529296
0.003303695410368149,0.5913669064748202,-0.4355563542430438
0.003326595532940047,0.5928057553956835,-0.4359468184374027
0.003349654391578276,0.5932168550873587,-0.43627424253028085
0.003372873086588689,0.5934224049331963,-0.43637502650879556
0.0033962527259040853,0.593627954779034,-0.43647650908847546
0.003419794425137087,0.5940390544707091,-0.43657869511179126
0.003443499307633384,0.5940390544707091,-0.4366815894547826
0.0034673685045253167,0.5942446043165468,-0.4367851970272855
0.0034914031547858626,0.5948612538540596,-0.4368895227731723
0.0035156044052829833,0.5948612538540596,-0.43699457167058203
0.0035399734108343462,0.5954779033915725,-0.43720817627970526
0.0035645113342624426,0.596300102774923,-0.43758781444121814
0.0035892193464500534,0.5971223021582733,-0.43797008412874877
0.0036140986263961316,0.5977389516957863,-0.43835500358316487
0.0036391503612720707,0.598972250770812,-0.43874259117177394
0.0036643757464783332,0.5993833504624871,-0.43913286538919916
0.0036897759857015045,0.6,-0.4395258448582577
0.003715352290971728,0.6006166495375128,-0.4399215483308656
0.003741105882720533,0.6006166495375128,-0.4400474483257694
0.003767037989839089,0.6012332990750257,-0.44016612041889874
0.003793149849736817,0.6012332990750257,-0.4402856151076799
0.0038194427084004643,0.6018499486125385,-0.4404059380940729
0.0038459178204535353,0.6022610483042138,-0.4405270951195632
0.003872576449216173,0.602672147995889,-0.44064909196543306
0.003899419866765436,0.6030832476875643,-0.44077193445303936
0.003926449353995997,0.6034943473792395,-0.44097728307392725
0.003953666200681279,0.6036998972250771,-0.44119234388545686
0.003981071705534973,0.6041109969167523,-0.4414088954273152
0.004008667176273026,0.6045220966084276,-0.4416269480327489
0.0040364539296760486,0.6049331963001028,-0.4418465121066383
0.004064433291652128,0.605344295991778,-0.4420675981259795
0.00409260659730011,0.6057553956834533,-0.44234464838142873
0.004120975190973304,0.6069886947584789,-0.4428835026591171
0.004149540426343628,0.6076053442959918,-0.443426092096216
0.004178303666466218,0.6090441932168551,-0.4439724425836159
0.004207266283844442,0.6094552929085303,-0.4445225801916723
0.004236429660495409,0.6104830421377184,-0.4450765311714507
0.004265795188015926,0.6117163412127441,-0.445634321955979
0.004295364267648873,0.6117163412127441,-0.44621265492354983
0.004325138310350089,0.6131551901336074,-0.44680091829612656
0.004355118736855688,0.6154162384378211,-0.4473932593156012
0.004385306977749856,0.6168550873586844,-0.4479897062468639
0.004415704473533125,0.6174717368961973,-0.448590287550749
0.004446312674691089,0.6187050359712231,-0.4491950318853506
0.004477133041763623,0.6191161356628982,-0.44951151307501375
0.0045081670454146005,0.6197327852004111,-0.4496154730313247
0.004539416166502032,0.6197327852004111,-0.449720153603627
0.004570881896148752,0.6197327852004111,-0.44982555978699135
0.004602565735813563,0.6197327852004111,-0.449931696611114
0.004634469197362879,0.6205549845837616,-0.4500385691405543
0.0046665938031428865,0.6219938335046249,-0.45049345979116473
0.004698941086052156,0.6236382322713258,-0.4511247816255737
0.0047315125896148025,0.6242548818088386,-0.4517604795738801
0.004764309868054156,0.6252826310380267,-0.452400583969854
0.0047973344863668915,0.6263103802672148,-0.4530451253575284
0.004830588020397728,0.6273381294964029,-0.4536941344926608
0.004864072056914619,0.6275436793422405,-0.4537883159777581
0.004897788193684461,0.6275436793422405,-0.4538775469351939
0.004931738039549359,0.6279547790339157,-0.4539673964120775
0.004965923214503363,0.6283658787255909,-0.4540578686957819
0.005000345349769783,0.6285714285714286,-0.45414896810339694
0.005035006087879048,0.6298047276464542,-0.4546833180348703
0.005069907082747045,0.632065775950668,-0.4556205828027707
0.005105049999754065,0.6345323741007194,-0.45656434437967497
0.005140436515824259,0.6353545734840699,-0.45751464779929923
0.005176068319505676,0.637410071942446,-0.45847153840754057
0.0052119471110508055,0.6388489208633094,-0.45949448785940084
0.005248074602497723,0.6404933196300103,-0.46069259603509394
0.005284452517751803,0.6425488180883865,-0.46189900909990755
0.005321082592667942,0.6460431654676259,-0.46311378462058495
0.005357966575133417,0.6491264131551902,-0.4643369805629062
0.005395106225151279,0.6522096608427543,-0.46538017372803575
0.0054325033149243305,0.652415210688592,-0.4655799546837741
0.005470159628939716,0.652415210688592,-0.46578112045494013
0.005508076964054035,0.6526207605344296,-0.4659836806406162
0.005546257129579105,0.6526207605344296,-0.46618764490642167
0.005584701947368306,0.6528263103802672,-0.46639139603907726
0.005623413251903491,0.6530318602261048,-0.4665922369539126
0.005662392890382535,0.654059609455293,-0.46679447003146124
0.005701642722807478,0.6548818088386433,-0.4669981049217347
0.005741164622073274,0.655087358684481,-0.46720315134163376
0.0057809604740571814,0.6563206577595067,-0.4677723637476101
0.005821032177708716,0.6575539568345323,-0.4686717871178244
0.005861381645140285,0.6589928057553956,-0.46957744499300275
0.005902010801718442,0.6606372045220966,-0.47048938058866013
0.005942921586155727,0.6620760534429599,-0.4714076374198826
0.0059841159506031985,0.6624871531346351,-0.4716076854768031
0.0060255958607435805,0.6624871531346351,-0.471755433439566
0.006067363295885053,0.6624871531346351,-0.4719042055422807
0.0061094202490557204,0.663103802672148,-0.4720540088839455
0.0061517687270986835,0.6633093525179856,-0.47217172916398054
0.006194410750767812,0.6637204522096608,-0.47225376349734144
0.006237348354824191,0.6641315519013361,-0.47233636646553556
0.0062805835881331795,0.6641315519013361,-0.4724195420101514
0.006324118513762197,0.6641315519013361,-0.47253177044875716
0.006367955209079162,0.6643371017471736,-0.47280064487232315
0.006412095765851615,0.6647482014388489,-0.4730713830443545
0.006456542290346556,0.6649537512846866,-0.4733439978837397
0.006501296903430909,0.6651593011305241,-0.4736185023989176
0.006546361740672747,0.6651593011305241,-0.4737427910462813
0.006591738952443213,0.6653648509763618,-0.47386134044876393
0.006637430704019089,0.6661870503597123,-0.47398071159644783
0.006683439175686149,0.6663926002055498,-0.4741009101853977
0.006729766562843182,0.6680369989722508,-0.4747286455994532
0.00677641507610675,0.6694758478931141,-0.47542980626822967
0.006823386941416697,0.6709146968139774,-0.4761358271505786
0.006870684400142318,0.6709146968139774,-0.47684674193588267
0.006918309709189363,0.6721479958890031,-0.4774439200604501
0.006966265141107686,0.6737923946557041,-0.4780340321907684
0.007014552984199714,0.6750256937307297,-0.47862823478296235
0.007063175542629623,0.6764645426515931,-0.4792736704220677
0.0071121351365332885,0.679136690647482,-0.4807622164595995
0.00716143410212902,0.681808838643371,-0.48226108060532774
0.007211074791828998,0.6840698869475847,-0.4837703343809798
0.007261059574351543,0.6861253854059609,-0.484916363351519
0.007311390834834172,0.6869475847893114,-0.4851656475991951
0.007362070974947361,0.6875642343268242,-0.485416659802727
0.007413102413009177,0.6879753340184995,-0.4856694119397306
0.0074644875841006686,0.6883864337101747,-0.4858104606760689
0.007516228940182053,0.6883864337101747,-0.4858850198953759
0.007568328950209743,0.6885919835560124,-0.4859600959345013
0.007620790100254122,0.6887975334018499,-0.4860391872144349
0.007673614893618186,0.6887975334018499,-0.48618114202674545
0.007726805850957022,0.6890030832476876,-0.48632408082280637
0.007780365510398041,0.6890030832476876,-0.4864680104232679
0.00783429642766212,0.6890030832476876,-0.48665670599103394
0.007888601176185549,0.6890030832476876,-0.4868805512152726
0.007943282347242814,0.6892086330935252,-0.4871059480604813
0.007998342550070285,0.6896197327852004,-0.48738818308274495
0.008053784411990669,0.6902363823227132,-0.48796705067988416
0.008109610578538404,0.6912641315519014,-0.4885499307955137
0.008165823713585922,0.6918807810894142,-0.48913685124308703
0.008222426499470713,0.6927029804727647,-0.48941160937143363
0.008279421637123344,0.6927029804727647,-0.4896234339670205
0.008336811846196349,0.6929085303186022,-0.4898367268605584
0.008394599865193973,0.6933196300102775,-0.4900906279324317
0.0084527884516029,0.6937307297019527,-0.49037506721438057
0.008511380382023767,0.6947584789311408,-0.4906614781352401
0.008570378452303693,0.6955806783144912,-0.49104900939795615
0.008629785477669702,0.6964028776978417,-0.4915914090337661
0.008689604292863019,0.697841726618705,-0.4921375684042379
0.008749837752274364,0.6982528263103802,-0.4925662053572379
0.008810488730080147,0.6986639260020555,-0.49268779788213374
0.008871560120379608,0.6988694758478932,-0.49281023324614676
0.008933054837332954,0.6992805755395683,-0.4930845803019781
0.008994975815300356,0.7009249743062693,-0.4938566253198065
0.009057326008981998,0.7015416238437822,-0.4946340218980379
0.009120108393559097,0.7027749229188078,-0.4952278520686656
0.009183325964835811,0.7027749229188078,-0.49525455029852544
0.00924698173938223,0.7027749229188078,-0.49528143359167365
0.009311078754678301,0.7027749229188078,-0.4953023692506637
0.009375620069258801,0.7027749229188078,-0.49531064063855973
0.009440608762859235,0.7027749229188078,-0.4953189693609775
0.00950604793656281,0.7027749229188078,-0.49536299804018596
0.009571940712948441,0.703186022610483,-0.4954496845212566
0.009638290236239706,0.703186022610483,-0.49553697188430806
0.009705099672454899,0.7038026721479959,-0.4956749526280429
0.009772372209558112,0.7044193216855087,-0.49584133832201316
0.009840111057611334,0.7046248715313463,-0.49600887734651633
0.009908319448927675,0.7062692702980473,-0.49650745788420303
0.009977000638225536,0.7070914696813977,-0.4970507105167537
0.010046157902783952,0.7077081192189106,-0.49753033760518495
0.010115794542598987,0.7081192189105858,-0.49771200863429227
0.010185913880541169,0.7081192189105858,-0.4978949389468137
0.010256519262514079,0.7083247687564235,-0.4981656381883797
0.010327614057613975,0.7089414182939363,-0.4985161194683023
0.010399201658290596,0.7105858170606372,-0.4988690301683965
0.010471285480508996,0.7105858170606372,-0.4989652213499909
0.010543868963912592,0.7109969167523125,-0.4990390206700442
0.010616955571987247,0.71120246659815,-0.49928213560055906
0.010690548792226577,0.7120246659815005,-0.4998329841186566
0.010764652136298349,0.713874614594039,-0.500387650936271
0.010839269140212033,0.7146968139773895,-0.5011271356346746
0.010914403364487566,0.7177800616649538,-0.5019067060202215
0.010990058394325208,0.7186022610483042,-0.5024951713663396
0.011066237839776664,0.7188078108941418,-0.5027430192475562
0.011142945335917299,0.7192189105858171,-0.5029925851282102
0.011220184543019636,0.7216855087358685,-0.5043224478689675
0.011297959146727977,0.7239465570400823,-0.505741973829332
0.01137627285823431,0.7245632065775951,-0.5064026837443146
0.011455129414455355,0.7245632065775951,-0.5064054916633638
0.011534532578210924,0.7245632065775951,-0.5064427518663593
0.011614486138403426,0.7251798561151079,-0.5066334995996747
0.011694993910198712,0.7251798561151079,-0.5068255695331103
0.011776059735208072,0.726207605344296,-0.5072742542184416
0.011857687481671602,0.7270298047276464,-0.5077651022448576
0.011939881044642732,0.7276464542651593,-0.5081987492328063
0.012022644346174132,0.7278520041109969,-0.5085927751326047
0.012105981335504824,0.7294964028776978,-0.5096315598527603
0.012189895989248667,0.7334018499486126,-0.5119091366694946
0.012274392311584071,0.7381294964028777,-0.5138999915874091
0.012359474334445108,0.7381294964028777,-0.513930151069708
0.01244514611771385,0.7381294964028777,-0.513960519607551
0.012531411749414162,0.7381294964028777,-0.5144042629039784
0.012618275345906706,0.7391572456320658,-0.5148700291212543
0.012705741052085419,0.7403905447070914,-0.5154317887630195
0.012793813041575246,0.7414182939362796,-0.5160190516115369
0.012882495516931342,0.7418293936279547,-0.5164609999445504
0.01297179270983956,0.74224049331963,-0.5168412162160936
0.013061708881318418,0.7428571428571429,-0.5172354935970811
0.013152248321922383,0.7438848920863309,-0.5176396747184302
0.01324341535194665,0.7442959917780062,-0.5182075664666815
0.01333521432163324,0.7455292908530319,-0.5189053461453689
0.013427649611378642,0.7469681397738952,-0.5193853690284611
0.013520725631942771,0.747584789311408,-0.5196761865448873
0.013614446824659504,0.7477903391572457,-0.5199174626419902
0.013708817661648536,0.7477903391572457,-0.5201163893389678
0.013803842646028852,0.7486125385405961,-0.5208033418701647
0.013899526312133533,0.7500513874614594,-0.5218624581315334
0.013995873225726185,0.7512846865364851,-0.5226945530014306
0.014092887984218748,0.7527235354573484,-0.5233927967172008
0.014190575216890926,0.7533401849948612,-0.5240463234152554
0.01428893958511103,0.7533401849948612,-0.5246840718574567
0.014387985782558451,0.7535457348406989,-0.5250000179236539
0.014487718535447617,0.753956834532374,-0.5252451520366012
0.014588142602753481,0.7553956834532374,-0.525872619241039
0.014689262776438668,0.7570400822199383,-0.5264703140973399
0.014791083881682071,0.757245632065776,-0.5266098848746438
0.014893610777109155,0.7576567317574512,-0.526836780174301
0.014996848355023733,0.7578622816032888,-0.5272831088936614
0.015100801541641486,0.758273381294964,-0.5280168505338749
0.015205475297324954,0.7597122302158273,-0.5290571467914194
0.015310874616820304,0.759917780061665,-0.5293645357946517
0.015417004529495591,0.759917780061665,-0.5293706299656401
0.015523870099580825,0.759917780061665,-0.5294751500744896
0.015631476426409538,0.7605344295991778,-0.5295618597022556
0.015739828644662196,0.7605344295991778,-0.5295674558282052
0.015848931924611134,0.760945529290853,-0.5296988922140261
0.01595879147236733,0.760945529290853,-0.5299533753157029
0.016069412530128772,0.7617677286742035,-0.5301259779539768
0.01618080037643066,0.7619732785200412,-0.5303067612655156
0.016292960326397224,0.7632065775950668,-0.5306472763347151
0.016405897731995397,0.7638232271325797,-0.5310868000433224
0.01651961798229015,0.7642343268242549,-0.5316315279006728
0.016634126503701697,0.7654676258992805,-0.5326896893908114
0.016749428760264373,0.7681397738951696,-0.5336739980227045
0.016865530253887415,0.7687564234326825,-0.5341039852366474
0.016982436524617443,0.76896197327852,-0.5345603824807121
0.01710015315090288,0.76896197327852,-0.5350172311255634
0.01721868574986007,0.76896197327852,-0.5351791767597064
0.017338039977541384,0.7691675231243577,-0.5354505283515062
0.017458221529205037,0.7693730729701953,-0.5358382589312326
0.01757923613958693,0.7693730729701953,-0.5358641522937821
0.01770108958317421,0.7697841726618705,-0.5359825288455764
0.0178237876744809,0.770606372045221,-0.5362718685457755
0.017947336268325266,0.7708119218910586,-0.536378810458526
0.018071741260109277,0.7712230215827338,-0.5368704987096062
0.018197008586099836,0.7720452209660843,-0.5380021423235414
0.01832314422371212,0.7722507708119218,-0.5384426561477749
0.018450154191794736,0.7736896197327852,-0.5393697532219335
0.01857804455091699,0.7763617677286742,-0.5410250385007053
0.018706821403658005,0.7767728674203495,-0.5415850324275545
0.01883649089489801,0.7769784172661871,-0.541991131786373
0.018967059212111465,0.7773895169578623,-0.5422952947392878
0.019098532585662378,0.7782117163412128,-0.5426915348066598
0.019230917289101587,0.7782117163412128,-0.542829783315716
0.01936421963946607,0.7788283658787256,-0.5430298229009772
0.019498445997580455,0.7798561151079136,-0.5436270049609334
0.019633602768360466,0.7810894141829393,-0.5445030768223225
0.01976969640111861,0.781294964028777,-0.5449488364636282
0.019906733389871863,0.7819116135662898,-0.5450953346781198
0.020044720273651614,0.7821171634121274,-0.5456030112908614
0.020183663636815608,0.7827338129496403,-0.5459819724802637
0.02032357010936222,0.7835560123329908,-0.5464389817199693
0.020464446367246737,0.7841726618705036,-0.5470069477640789
0.020606299132700005,0.7849948612538541,-0.547619130032883
0.020749135174549096,0.7858170606372045,-0.5477793618199183
0.020892961308540396,0.7862281603288798,-0.5481241604022941
0.021037784397664752,0.7868448098663926,-0.5486892667207078
0.021183611352485022,0.7878725590955806,-0.5493358211011015
0.021330449131465763,0.7884892086330936,-0.5496902818156634
0.021478304741305344,0.7889003083247688,-0.5499712183455275
0.0216271852372702,0.7889003083247688,-0.5501258122341144
0.02177709772353159,0.7891058581706064,-0.5501732120239206
0.021928049353504484,0.7891058581706064,-0.5502135906836795
0.022080047330189003,0.789311408016444,-0.550362698045232
0.02223309890651403,0.7895169578622816,-0.5506432339220523
0.0223872113856834,0.7903391572456321,-0.551296184696216
0.022542392121524292,0.7911613566289826,-0.5518643929875635
0.022698648518838224,0.7911613566289826,-0.551948996662717
0.0228559880337543,0.7913669064748201,-0.5521782797153426
0.02301441817408509,0.7915724563206578,-0.5525283495930333
0.023173946499684784,0.7917780061664954,-0.5526555900574599
0.023334580622810033,0.7926002055498458,-0.553725755549009
0.02349632820848307,0.7934224049331963,-0.5547577321585809
0.023659196974857587,0.7938335046248716,-0.5552637123192601
0.023823194693586902,0.7952723535457349,-0.5558984935920505
0.02398832919019491,0.7975334018499486,-0.557264298397087
0.024154608344449404,0.7995889003083247,-0.5587315729025165
0.02432204009073816,0.8002055498458376,-0.5599332982955644
0.024490632418447456,0.8006166495375129,-0.5602262444732489
0.0246603933723434,0.8012332990750257,-0.5606290309721645
0.024831331052955704,0.8016443987667009,-0.5609549538671799
0.025003453616964322,0.8022610483042137,-0.5614760001617689
0.025176769277588558,0.8036998972250771,-0.5621439589612801
0.025351286304979084,0.8043165467625899,-0.5630516580612059
0.02552701302661247,0.805344295991778,-0.564046849164794
0.025703957827688632,0.8057553956834532,-0.5645530076047972
0.025882129151530917,0.8063720452209661,-0.5649820666024639
0.02606153549998895,0.8090441932168551,-0.5661606531840999
0.02624218543384442,0.8108941418293937,-0.5673775048998563
0.02642408757321946,0.8110996916752312,-0.5676883072522516
0.0266072505979881,0.8113052415210689,-0.5678887209015182
0.026791683248190316,0.8119218910585817,-0.5682445797281214
0.026977394324449205,0.8123329907502569,-0.5685645105419755
0.027164392688390823,0.8123329907502569,-0.5687375743175137
0.027352687263067124,0.8129496402877698,-0.5691136481622144
0.02754228703338166,0.8131551901336074,-0.5695664744864326
0.02773320104651841,0.813360739979445,-0.5696202419249753
0.02792543841237338,0.8137718396711202,-0.5699188333198106
0.028119008303989407,0.8147995889003083,-0.5708068851740342
0.02831391995799379,0.8156217882836588,-0.5714001540463951
0.028510182675039096,0.8158273381294964,-0.5714935336286939
0.028707805820246905,0.8158273381294964,-0.5716380423585189
0.02890679882365476,0.8158273381294964,-0.5720545138141077
0.029107171180666053,0.8166495375128469,-0.5726216751032404
0.029308932452503215,0.817060637204522,-0.5733342210452865
0.029512092266663854,0.8180883864337102,-0.573730542754134
0.029716660317380267,0.8180883864337102,-0.5739483060917857
0.02992264636608189,0.8182939362795478,-0.5740244584427621
0.03013006024186122,0.818705035971223,-0.5741450984344854
0.030338911841942703,0.8193216855087359,-0.5746092083316536
0.030549211132155137,0.8195272353545735,-0.5750750523878603
0.03076096814740708,0.8195272353545735,-0.5753132232309501
0.03097419299216581,0.8195272353545735,-0.5757454262677876
0.031188895840939368,0.8199383350462487,-0.5759888992506957
0.031405086938762185,0.820349434737924,-0.5763713242578256
0.03162277660168379,0.8205549845837615,-0.5765847050100218
0.03184197521726125,0.8207605344295992,-0.5766744923763939
0.03206269324505466,0.8211716341212744,-0.5768099923954939
0.03228494121712636,0.821377183967112,-0.5769407078210868
0.032508729738543435,0.8215827338129497,-0.5773959303608406
0.03273406948788383,0.8215827338129497,-0.5775138781367009
0.03296097121774578,0.8215827338129497,-0.5777778885359236
0.033189445755261046,0.8219938335046248,-0.578081836081072
0.03341950400261143,0.8228160328879753,-0.5784033451141772
0.03365115693754908,0.8238437821171634,-0.578862892034868
0.033884415613920256,0.824049331963001,-0.5790974036084965
0.034119291162192866,0.8246659815005138,-0.5795868316665432
0.034355794789987466,0.8252826310380267,-0.5797791290538362
0.03459393778261219,0.8254881808838643,-0.5799713910704067
0.03483373150360118,0.825693730729702,-0.5805420386722145
0.03507518739525679,0.8258992805755395,-0.5807206387384525
0.0353183169791957,0.8265159301130525,-0.5811092918063162
0.03556313185689853,0.8271325796505653,-0.5814030628812692
0.03580964371026361,0.8273381294964028,-0.5816307914280439
0.03605786430216423,0.8279547790339157,-0.5820158405200366
0.03630780547701014,0.8279547790339157,-0.5822139428510088
0.03655947916131248,0.8281603288797533,-0.5828330440660405
0.036812897364253146,0.828365878725591,-0.5831737805585576
0.0370680721782576,0.8289825282631038,-0.5837015765476065
0.03732501577957206,0.8291880781089415,-0.5840379608490089
0.037583740428844416,0.8295991778006166,-0.5842903028712448
0.03784425847170934,0.8295991778006166,-0.5844462559143093
0.038106582339377304,0.8295991778006166,-0.5845242804560475
0.03837072454922788,0.8302158273381295,-0.5849597937482042
0.03863669770540691,0.8304213771839671,-0.585215158560521
0.03890451449942807,0.8308324768756423,-0.5861015247527993
0.039174187710778303,0.8312435765673176,-0.5863709087989704
0.03944573020752785,0.8314491264131552,-0.5865151079293281
0.03971915494694403,0.8316546762589928,-0.5867406364840891
0.03999447497610976,0.8324768756423433,-0.5872390084183499
0.04027170343254591,0.8328879753340185,-0.58769729670993
0.040550853544838394,0.8332990750256938,-0.5881433965721533
0.04083193863326921,0.8332990750256938,-0.5882391167941468
0.04111497211045223,0.8332990750256938,-0.5883231750756344
0.04139996748197304,0.8332990750256938,-0.5884282503935242
0.04168693834703355,0.8335046248715313,-0.5885794669423027
0.04197589839910075,0.8341212744090442,-0.5888615011695368
0.04226686142656031,0.8343268242548818,-0.5890048422159697
0.04255984131337431,0.8349434737923946,-0.5892115461229342
0.042854852039743964,0.8355601233299075,-0.5903875514390486
0.043151907682776526,0.8359712230215828,-0.5909250527779498
0.04345102241715717,0.8365878725590956,-0.5914005558693771
0.04375221051582521,0.8378211716341213,-0.5922754172660422
0.04405548635065534,0.8380267214799589,-0.5923835664339026
0.044360864393143254,0.8380267214799589,-0.5923915509924419
0.04466835921509633,0.8380267214799589,-0.5924896310591281
0.0449779854893288,0.8384378211716341,-0.5928156081686534
0.04528975799036209,0.8386433710174718,-0.5929654436776222
0.04560369159512962,0.8386433710174718,-0.5930950557249774
0.045919801283686876,0.8392600205549846,-0.5935254622406921
0.04623810213992603,0.8394655704008221,-0.5938376337120855
0.04655860935229589,0.8402877697841726,-0.5946448255853211
0.04688133821452653,0.8406988694758479,-0.5951266509169237
0.047206304126359046,0.8411099691675231,-0.5953155917099838
0.047533522594280536,0.8411099691675231,-0.5955392148102008
0.047863009232263824,0.8411099691675231,-0.595631265318993
0.04819477976251274,0.8415210688591983,-0.5960387328585139
0.0485288500162121,0.8419321685508736,-0.596596458281025
0.048865235934283366,0.8421377183967113,-0.596819082107811
0.04920395356814509,0.8429599177800616,-0.5979980997440705
0.04954501908047903,0.8437821171634121,-0.5985958929208034
0.049888448746001214,0.8439876670092498,-0.5987448703878954
0.050234258952238715,0.8439876670092498,-0.599211343962606
0.0505824662003114,0.8439876670092498,-0.5994807594916641
0.050933087105719546,0.844398766700925,-0.5997637195149906
0.05128613839913648,0.8450154162384378,-0.6000909431293894
0.05164163692720711,0.8458376156217883,-0.6004037765331713
0.051999599653351596,0.8464542651593011,-0.6007704572324705
0.05236004365857504,0.8466598150051388,-0.6011837612624981
0.05272298614228227,0.8466598150051388,-0.6014072727450597
0.053088444423098846,0.847070914696814,-0.6014904184304174
0.053456435939697164,0.8472764645426516,-0.6016456503642736
0.05382697825162884,0.8474820143884892,-0.6018374619857088
0.05420008904016239,0.8476875642343268,-0.6026503993795476
0.054575786109127104,0.8480986639260021,-0.6031720977507156
0.054954087385762455,0.8485097636176773,-0.6036728465597516
0.05533501092157368,0.8489208633093526,-0.6041854501521047
0.055718574893192985,0.8491264131551901,-0.6043895858158914
0.05610479760324706,0.8495375128468654,-0.6049480727706954
0.05649369748123025,0.8499486125385406,-0.6051266628587835
0.05688529308438416,0.8499486125385406,-0.6052566954139882
0.057279603098582925,0.8503597122302158,-0.6054373474439599
0.05767664633922509,0.8520041109969168,-0.6071309856113941
0.05807644175213121,0.8520041109969168,-0.6074013570591662
0.05847900841444809,0.8530318602261048,-0.607925698936308
0.0588843655355589,0.8532374100719424,-0.6084313635293063
0.059292532458,0.8538540596094553,-0.6088600487743153
0.059703528658383694,0.8546762589928057,-0.6091852110124096
0.060117373748327825,0.8559095580678314,-0.6102233700483158
0.06053408747539136,0.8561151079136691,-0.6106559417312556
0.060953689724016935,0.8561151079136691,-0.6108008562100304
0.06137620051647943,0.8565262076053443,-0.6117669862771142
0.061801640013841606,0.8569373072970196,-0.6119024014111277
0.062230028516915954,0.8569373072970196,-0.6123537989594611
0.06266138646723353,0.8575539568345324,-0.612587323038267
0.06309573444801933,0.85775950668037,-0.6129005562967933
0.06353309318517436,0.8579650565262076,-0.6133293920591967
0.06397348354826482,0.8585817060637204,-0.6135852111926042
0.06441692655151772,0.8596094552929086,-0.6143672954162468
0.06486344335482384,0.8598150051387461,-0.6152356068476901
0.06531305526474723,0.8602261048304214,-0.615678034145809
0.06576578373554205,0.8602261048304214,-0.6157997446027329
0.06622165037017619,0.8608427543679342,-0.6162927830932823
0.06668067692136222,0.8612538540596094,-0.6166495528602034
0.06714288529259523,0.8612538540596094,-0.6169000733805096
0.06760829753919818,0.8614594039054471,-0.6171047280982719
0.06807693586937413,0.8624871531346352,-0.6182079600258557
0.06854882264526617,0.8628982528263104,-0.6186606100461423
0.06902398038402419,0.8633093525179856,-0.6192438628797926
0.0695024317588797,0.8641315519013361,-0.6201333509224113
0.06998419960022735,0.8643371017471737,-0.620734604183813
0.07046930689671471,0.8647482014388489,-0.6211063776952755
0.07095777679633887,0.8647482014388489,-0.6211443609809162
0.07144963260755134,0.8655704008221994,-0.6218329970721749
0.07194489780036994,0.8661870503597122,-0.6225168436851616
0.07244359600749903,0.8665981500513875,-0.6232455359572371
0.07294575102545688,0.8665981500513875,-0.6235774848138126
0.0734513868157115,0.8665981500513875,-0.6237539541363754
0.07396052750582378,0.8665981500513875,-0.6240267062203222
0.07447319739059892,0.866803699897225,-0.6242927577795515
0.07498942093324558,0.8670092497430627,-0.6245238829898159
0.07550922276654341,0.8670092497430627,-0.624677115634408
0.07603262769401818,0.8676258992805755,-0.6252252647407597
0.07655966069112566,0.8690647482014389,-0.6265350516791666
0.07709034690644301,0.8705035971223022,-0.6273407806287558
0.07762471166286919,0.8705035971223022,-0.6275939578707398
0.07816278045883297,0.8713257965056527,-0.6281430694907871
0.07870457896950989,0.8717368961973279,-0.6288715213189771
0.07925013304804718,0.8717368961973279,-0.6289095851397443
0.07979946872679769,0.8717368961973279,-0.6289958856713795
0.08035261221856173,0.872147995889003,-0.6291823342072804
0.08090958991783825,0.8723535457348407,-0.6295429646033058
0.08147042840208396,0.8723535457348407,-0.6300022733917172
0.08203515443298186,0.8733812949640288,-0.6306901657690185
0.08260379495771787,0.8735868448098664,-0.6308311923627777
0.08317637711026708,0.8735868448098664,-0.6309614791928925
0.08375292821268826,0.8746145940390545,-0.6318190678042559
0.08433347577642752,0.8750256937307297,-0.632298891375214
0.0849180475036314,0.8758478931140802,-0.6331229008666546
0.08550667128846832,0.8758478931140802,-0.6335090543447466
0.08609937521846008,0.8760534429599178,-0.6339184146301601
0.08669618757582165,0.8762589928057554,-0.6346435688368494
0.08729713683881117,0.8762589928057554,-0.6350416757729208
0.08790225168308842,0.876464542651593,-0.6353470842442964
0.08851156098308356,0.876464542651593,-0.6356012879967285
0.08912509381337455,0.8766700924974307,-0.6361690032110497
0.08974287945007486,0.8772867420349435,-0.6368709660821352
0.09036494737223014,0.8776978417266187,-0.6375279599385287
0.09099132726322517,0.8783144912641315,-0.6381032067052482
0.09162204901219997,0.8785200411099692,-0.6382605132152659
0.09225714271547633,0.879136690647482,-0.6387376949460914
0.09289663867799362,0.8797533401849948,-0.6393844713628483
0.09354056741475521,0.8797533401849948,-0.6395942933561181
0.09418895965228413,0.8797533401849948,-0.6402412575552696
0.09484184633008974,0.8803699897225077,-0.6409582663574228
0.09549925860214359,0.8803699897225077,-0.6412505691450464
0.09616122783836649,0.8809866392600205,-0.6418647963849514
0.09682778562612492,0.8822199383350462,-0.6431272814070786
0.09749896377173872,0.8822199383350462,-0.643509354555911
0.09817479430199844,0.8824254881808838,-0.6440099091932355
0.0988553094656939,0.8826310380267215,-0.6445149172982189
0.0995405417351527,0.8826310380267215,-0.645201974246897
0.10023052380778995,0.8836587872559095,-0.6460750408440623
0.10092528860766845,0.8836587872559095,-0.646293325889631
0.1016248692870696,0.8836587872559095,-0.6468838781805819
0.10232929922807547,0.8836587872559095,-0.6471471432260135
0.10303861204416159,0.8842754367934224,-0.6477953047245328
0.10375284158180126,0.8850976361767728,-0.6483634147279472
0.10447202192208004,0.8855087358684481,-0.6490901721875646
0.10519618738232235,0.8855087358684481,-0.6493598395173271
0.10592537251772886,0.8857142857142857,-0.6496010223247977
0.10665961212302578,0.8857142857142857,-0.6501061042814047
0.10739894123412451,0.8865364850976362,-0.6508944047676781
0.10814339512979386,0.8867420349434738,-0.6517761731547942
0.10889300933334332,0.887153134635149,-0.6523212222270082
0.1096478196143185,0.8873586844809866,-0.6526191429661847
0.11040786199020736,0.8881808838643371,-0.6531630580587493
0.1111731727281592,0.8883864337101747,-0.6535141282479053
0.11194378834671513,0.8885919835560123,-0.6539834515044672
0.11271974561755105,0.8900308324768756,-0.6558974974058679
0.11350108156723154,0.8904419321685508,-0.6566945519690066
0.11428783347897713,0.8910585817060637,-0.6573065318874827
0.11508003889444356,0.8912641315519013,-0.6579219016706206
0.11587773561551262,0.8912641315519013,-0.6581288918407782
0.11668096170609629,0.891469681397739,-0.6586325808989667
0.11748975549395291,0.892497430626927,-0.6592329298682771
0.11830415557251646,0.8931140801644398,-0.6595233265325431
0.1191242008027375,0.8931140801644398,-0.6599146101012874
0.11994993031493793,0.8935251798561151,-0.660298930700975
0.12078138351067798,0.8937307297019528,-0.660843337551121
0.12161860006463679,0.894141829393628,-0.6613074819741542
0.1224616199265049,0.8945529290853032,-0.6619512115066715
0.12331048332289096,0.8953751284686536,-0.6625925531283274
0.12416523075924106,0.8961973278520041,-0.6635588598052538
0.125025903021772,0.8964028776978418,-0.6642841657918364
0.12589254117941676,0.896813977389517,-0.6648751555078201
0.12676518658578462,0.8970195272353546,-0.6651136326569078
0.12764388088113435,0.8972250770811921,-0.6654797698095778
0.12852866599436155,0.8972250770811921,-0.6658854326929162
0.12941958414499863,0.897841726618705,-0.6662397504966487
0.13031667784523,0.897841726618705,-0.666511688306118
0.13121998990192027,0.897841726618705,-0.6669768694052484
0.1321295634186575,0.8980472764645426,-0.6675106656931894
0.13304544179780914,0.8984583761562179,-0.6682686325369781
0.13396766874259358,0.8988694758478931,-0.6686584824994861
0.13489628825916533,0.8988694758478931,-0.6691769664793648
0.1358313446587154,0.8992805755395683,-0.6696449238437885
0.13677288255958495,0.8992805755395683,-0.6701472695301048
0.13772094688939474,0.8992805755395683,-0.6704609886536858
0.13867558288718881,0.8996916752312436,-0.6707827558689698
0.13963683610559377,0.8996916752312436,-0.6714329555135857
0.14060475241299142,0.9001027749229188,-0.6718621720194183
0.14157937799570824,0.9007194244604316,-0.672492094512665
0.14256075936021878,0.9007194244604316,-0.6728179906956409
0.1435489433353656,0.9009249743062693,-0.6732478122041464
0.1445439770745928,0.9009249743062693,-0.6735644853706548
0.1455459080581967,0.9015416238437821,-0.6741837642260832
0.14655478409559114,0.9017471736896198,-0.6750220949017607
0.14757065332758945,0.902158273381295,-0.6756770206217609
0.14859356422870074,0.9025693730729702,-0.6763787044543621
0.14962356560944343,0.9027749229188078,-0.6771545046902709
0.15066070661867417,0.9027749229188078,-0.677486920363531
0.1517050367459337,0.9031860226104831,-0.678059130768524
0.15275660582380732,0.9031860226104831,-0.678554186206035
0.1538154640303034,0.9035971223021583,-0.6794300982601033
0.1548816618912481,0.9038026721479959,-0.6801876325608119
0.15595525028269538,0.9040082219938335,-0.6810452728230966
0.1570362804333553,0.9046248715313463,-0.6817947528316805
0.15812480392703826,0.9052415210688592,-0.6824164819755029
0.159220872705117,0.9058581706063721,-0.6832549981665772
0.16032453906900418,0.9060637204522096,-0.6841019910124514
0.1614358556826487,0.9060637204522096,-0.6842918363931306
0.16255487557504833,0.9064748201438849,-0.684875683806873
0.16368165214278085,0.9072970195272354,-0.6856917994179955
0.16481623915255086,0.9075025693730729,-0.6860144800702949
0.16595869074375613,0.9077081192189106,-0.6865633831673894
0.1671090614310707,0.9077081192189106,-0.6868457743976777
0.16826740610704674,0.9083247687564234,-0.6874572474262125
0.16943378004473286,0.9083247687564234,-0.6879487526992821
0.17060823890031243,0.9085303186022611,-0.6886594723942306
0.17179083871575876,0.9085303186022611,-0.6892568401263609
0.17298163592151014,0.9085303186022611,-0.6896426417585615
0.17418068733916145,0.9087358684480986,-0.6904381615647772
0.17538805018417622,0.9091469681397739,-0.6908190055138312
0.1766037820686164,0.9091469681397739,-0.6912314582133663
0.1778279410038923,0.9093525179856116,-0.6917567808564484
0.17906058540352948,0.9099691675231244,-0.6922514609880761
0.180301774085957,0.9099691675231244,-0.6927724528046112
0.1815515662773135,0.9103802672147996,-0.6930867793276173
0.1828100216142743,0.9107913669064748,-0.693538441872217
0.18407720014689563,0.9107913669064748,-0.6940873297491429
0.18535316234148125,0.9109969167523124,-0.6945783079116772
0.18663796908346694,0.9114080164439876,-0.6953674051975977
0.18793168168032684,0.9114080164439876,-0.6956834098172342
0.1892343618644976,0.9120246659815006,-0.6963075864354754
0.19054607179632482,0.9126413155190134,-0.6968538866499415
0.1918668740670289,0.9130524152106886,-0.697490573326071
0.1931968317016924,0.9130524152106886,-0.6977186745509385
0.19453600816226635,0.9134635149023638,-0.6981712244431111
0.19588446735059908,0.9134635149023638,-0.6986018339439277
0.19724227361148533,0.9134635149023638,-0.6993710846017561
0.19860949173573716,0.9142857142857143,-0.7000370405749444
0.19998618696327447,0.9146968139773896,-0.7005867681616555
0.20137242498623895,0.9149023638232271,-0.7009646191939171
0.20276827195212818,0.9153134635149024,-0.7013464891708857
0.20417379446695297,0.9155190133607399,-0.7017110801693831
0.20558905959841425,0.9163412127440904,-0.7029986914091684
0.20701413487910414,0.9165467625899281,-0.7037064585113156
0.20844908830972886,0.9165467625899281,-0.7040941629121527
0.20989398836235246,0.9165467625899281,-0.7046120391915657
0.21134890398366477,0.9167523124357657,-0.7052146683211693
0.21281390459827113,0.9177800616649537,-0.7063347133862983
0.21428906011200585,0.9183967112024666,-0.706769839484576
0.21577444091526668,0.9183967112024666,-0.707282906757342
0.21727011788637454,0.9186022610483042,-0.707919184991613
0.21877616239495518,0.9186022610483042,-0.7083144338091358
0.2202926463053456,0.9188078108941419,-0.7091057677165914
0.22181964198002194,0.9192189105858171,-0.709672271815313
0.22335722228305327,0.9192189105858171,-0.7099262938807182
0.22490546058357805,0.9196300102774922,-0.7106149959893814
0.22646443075930595,0.9202466598150051,-0.7114340683033861
0.22803420720004186,0.9202466598150051,-0.7119518774552082
0.2296148648112363,0.9202466598150051,-0.7124403063239787
0.2312064790175594,0.9204522096608427,-0.7130806146938151
0.23280912576650079,0.9204522096608427,-0.7134116328626997
0.23442288153199228,0.9206577595066804,-0.7140809854243696
0.23604782331805782,0.920863309352518,-0.7147413516303421
0.23768402866248758,0.9210688591983556,-0.7152153581850803
0.23933157564053875,0.9210688591983556,-0.7157433059648347
0.24099054286865956,0.9212744090441932,-0.7164868239585322
0.24266100950824168,0.9220966084275437,-0.7171866991899237
0.24434305526939712,0.9223021582733812,-0.717851849987185
0.24603676041476275,0.9225077081192189,-0.7183764061470308
0.24774220576332862,0.9225077081192189,-0.7193824694400716
0.2494594726942956,0.9231243576567317,-0.7206602380076053
0.25118864315095796,0.9239465570400822,-0.7218474191223139
0.2529297996446145,0.9243576567317574,-0.7228404118249817
0.25468302525850417,0.9243576567317574,-0.7231494210082088
0.2564484036517719,0.9247687564234327,-0.7239480284312609
0.2582260190634596,0.9247687564234327,-0.7245382538382575
0.2600159563165272,0.9249743062692704,-0.7249253427248571
0.2618183008218986,0.9249743062692704,-0.7252283015588303
0.2636331385825381,0.9249743062692704,-0.7257895857795008
0.2654605561975539,0.9251798561151079,-0.7263808769618917
0.26730064086633115,0.9251798561151079,-0.7272758788782415
0.26915348039269166,0.9255909558067832,-0.7282212663568278
0.27101916318908414,0.9255909558067832,-0.7286808004060796
0.272897778280804,0.9257965056526207,-0.729397316005823
0.2747894153102397,0.926207605344296,-0.7298974575607144
0.27669416454115126,0.9266187050359712,-0.7308061157978332
0.27861211686297693,0.9266187050359712,-0.7312366390112907
0.2805433637951713,0.9270298047276464,-0.7317830099153709
0.2824879974915708,0.9274409044193217,-0.7322384591789304
0.2844461107447917,0.9276464542651593,-0.7327773392899264
0.286417796990658,0.9276464542651593,-0.7335284706992982
0.28840315031266056,0.9278520041109969,-0.7342207020842714
0.2904022654464451,0.9284686536485097,-0.735107821436618
0.2924152377843337,0.9290853031860226,-0.7358649862684782
0.29444216337987605,0.9292908530318602,-0.7366512615681303
0.2964831389524342,0.9292908530318602,-0.7373283980903146
0.298538261891796,0.9294964028776979,-0.7380030679451905
0.3006076302628232,0.9297019527235355,-0.7384380503384415
0.3026913428101305,0.9297019527235355,-0.7397185450476924
0.3047894989627983,0.9297019527235355,-0.7403807113619127
0.3069021988391158,0.9297019527235355,-0.7412206002243247
0.30902954325135923,0.9297019527235355,-0.7415866192909705
0.3111716337106017,0.929907502569373,-0.7424175579639251
0.31332857243155854,0.929907502569373,-0.7428085358605686
0.31550046233746276,0.929907502569373,-0.7433164609434589
0.3176874070649772,0.9301130524152107,-0.7441366940156702
0.3198895109691397,0.9301130524152107,-0.744924997831528
0.32210687912834346,0.9303186022610483,-0.7453447254471443
0.32433961734934935,0.9305241521068859,-0.7459887273740853
0.326587832172336,0.9307297019527235,-0.7466245969007405
0.32885163087598296,0.9307297019527235,-0.7471188426853612
0.3311311214825911,0.9307297019527235,-0.7477041449538503
0.33342641276323504,0.9307297019527235,-0.7487524981998559
0.33573761424295484,0.9307297019527235,-0.7499251526636509
0.33806483620598154,0.9311408016443987,-0.7506209994714506
0.3404081897010009,0.9313463514902364,-0.7517297162336258
0.34276778654645046,0.9313463514902364,-0.7522501068676261
0.34514373933585646,0.931551901336074,-0.7531210677385932
0.34753616144320576,0.931551901336074,-0.7535911585269188
0.3499451670283573,0.931551901336074,-0.7544045978091678
0.35237087104248727,0.9323741007194245,-0.7558624854752405
0.3548133892335757,0.9323741007194245,-0.7570295112857708
0.35727283815192884,0.9323741007194245,-0.7579291944425312
0.35974933515574237,0.9323741007194245,-0.7589523097231546
0.36224299841669877,0.9323741007194245,-0.7594988550286089
0.36475394692560764,0.9323741007194245,-0.7603348738640809
0.36728230049808464,0.9323741007194245,-0.7615013870087344
0.3698281797802663,0.932579650565262,-0.7623742652733428
0.3723917062545687,0.932579650565262,-0.7629561199751284
0.3749730022454834,0.932579650565262,-0.7638553389129628
0.377572190925416,0.9327852004110997,-0.764811185069217
0.38018939632056126,0.9327852004110997,-0.7655830814368304
0.3828247433168228,0.9334018499486125,-0.7669274552396435
0.38547835766577165,0.9334018499486125,-0.7679885234785355
0.3881503659906482,0.9338129496402877,-0.7692653498042334
0.3908408957924021,0.9340184994861254,-0.7699923981776934
0.39355007545577764,0.934224049331963,-0.7709842398235484
0.39627803425543934,0.9344295991778007,-0.7718034293737038
0.39902490236214205,0.9344295991778007,-0.7726530642889344
0.40179081084894,0.9350462487153135,-0.7737304909048611
0.40457589169744285,0.935251798561151,-0.7744307063504461
0.4073802778041126,0.935251798561151,-0.7753984917934899
0.4102041029866068,0.935251798561151,-0.7763195760834127
0.41304750199016144,0.9354573484069887,-0.7771911456076761
0.4159106104940223,0.9354573484069887,-0.7779472967818878
0.41879356511791827,0.9354573484069887,-0.7787669245841065
0.4216965034285822,0.9358684480986639,-0.7794246549190784
0.424619563946313,0.9358684480986639,-0.7804362856787224
0.42756288615158644,0.9358684480986639,-0.7811131979496828
0.43052661049171054,0.9358684480986639,-0.7818086018158306
0.4335108783875289,0.9358684480986639,-0.7828048756577455
0.4365158322401661,0.9360739979445015,-0.7835463730823992
0.4395416154378247,0.9360739979445015,-0.7844113127252179
0.44258837236262644,0.9362795477903392,-0.785083170600853
0.4456562483975033,0.9364850976361768,-0.7857892168107364
0.4487453899331323,0.9366906474820144,-0.7864224462480057
0.4518559443749226,0.9366906474820144,-0.7871830027441099
0.4549880601500485,0.936896197327852,-0.7879503862188432
0.4581418867145335,0.936896197327852,-0.7890716581219079
0.46131757456037953,0.9371017471736897,-0.7903049165618331
0.4645152752227497,0.9377183967112025,-0.7910829099426744
0.4677351412871981,0.93792394655704,-0.7922224353022105
0.47097732639695294,0.93792394655704,-0.7931178195469571
0.4742419852602448,0.93792394655704,-0.7943411795133581
0.47752927365769116,0.9381294964028777,-0.7953540787895889
0.4808393484497285,0.9383350462487153,-0.7960884032999993
0.48417236758409943,0.9383350462487153,-0.7969018537755745
0.4875284901033865,0.9383350462487153,-0.7976578077833206
0.4909078761526029,0.938540596094553,-0.7986695642716998
0.4943106869868354,0.9387461459403905,-0.7993641408632963
0.49773708497893604,0.9389516957862282,-0.8006661845422786
0.5011872336272725,0.9389516957862282,-0.8016666331262506
0.5046612975635282,0.9389516957862282,-0.8026548211177581
0.5081594425605604,0.9389516957862282,-0.8037025184177825
0.5116818355403079,0.9391572456320658,-0.8046517799491246
0.5152286445817567,0.9391572456320658,-0.8057652265747295
0.518800038928961,0.9391572456320658,-0.8067849274699912
0.5223961889991198,0.9391572456320658,-0.8076691590645513
0.5260172663907063,0.9393627954779034,-0.8089154302359041
0.5296634438916581,0.939568345323741,-0.8100046349081934
0.5333348954876208,0.939568345323741,-0.8108363529223238
0.5370317963702527,0.939568345323741,-0.8117998132335376
0.540754322945581,0.9397738951695787,-0.8132215819867155
0.5445026528424215,0.9401849948612538,-0.8144631048649036
0.5482769649208535,0.9401849948612538,-0.8157347054882944
0.5520774392807574,0.9403905447070915,-0.816766480573796
0.5559042572704037,0.9408016443987667,-0.8176952870063613
0.5597576014951104,0.9410071942446043,-0.8185847592351417
0.5636376558259543,0.9410071942446043,-0.8192996282174649
0.5675446054085471,0.941212744090442,-0.8206304804082543
0.5714786366718672,0.9414182939362795,-0.8217136662388119
0.5754399373371573,0.9414182939362795,-0.822958352590566
0.5794286964268809,0.9414182939362795,-0.8242270130959661
0.5834451042737447,0.9414182939362795,-0.8254178123371785
0.5874893525297769,0.9414182939362795,-0.8264435948851498
0.5915616341754742,0.9414182939362795,-0.8273989685749413
0.5956621435290104,0.9414182939362795,-0.828872843371141
0.5997910762555094,0.9418293936279548,-0.8305239763570452
0.60394862937638,0.9420349434737924,-0.8317323617611633
0.6081350012787182,0.94224049331963,-0.8329593368198448
0.6123503917247733,0.9426515930113052,-0.8347996895019659
0.6165950018614822,0.9426515930113052,-0.8363419727513834
0.6208690342300638,0.9428571428571428,-0.8377663675358672
0.6251726927756862,0.9428571428571428,-0.8390623086585959
0.6295061828571975,0.9428571428571428,-0.8402045827214676
0.633869711256927,0.9428571428571428,-0.8418062171768961
0.638263486190549,0.9428571428571428,-0.8427147687263054
0.64268771731702,0.9430626927029805,-0.844200996127833
0.6471426157485831,0.9430626927029805,-0.845548716315802
0.6516283940608427,0.9430626927029805,-0.8470580183068938
0.6561452663029057,0.9430626927029805,-0.8480064010954845
0.6606934480075958,0.9432682425488181,-0.8493751380925829
0.6652731562017413,0.9432682425488181,-0.8503874552560925
0.6698846094165265,0.9432682425488181,-0.8514759646411182
0.6745280276979222,0.9432682425488181,-0.8527296127097346
0.6792036326171843,0.9432682425488181,-0.8539614884422471
0.6839116472814293,0.9432682425488181,-0.8556412338213498
0.6886522963442762,0.9432682425488181,-0.857170781703763
0.6934258060165694,0.9432682425488181,-0.858654165529103
0.6982324040771711,0.9436793422404933,-0.8601978174935564
0.7030723198838335,0.9436793422404933,-0.861626899441628
0.707945784384138,0.943884892086331,-0.8632174436406818
0.7128530301265198,0.943884892086331,-0.864932358459018
0.7177942912713615,0.943884892086331,-0.8661949723799796
0.7227698036021702,0.9440904419321685,-0.8679340183487091
0.7277798045368242,0.9440904419321685,-0.8693161716366897
0.7328245331389045,0.9440904419321685,-0.8706553965484993
0.7379042301291008,0.9440904419321685,-0.8720958669527666
0.7430191378967014,0.9442959917780062,-0.8736144696493345
0.7481695005111545,0.9442959917780062,-0.8747545855864052
0.7533555637337178,0.9442959917780062,-0.876324302944038
0.7585775750291835,0.9442959917780062,-0.8780505849447271
0.7638357835776907,0.944912641315519,-0.880161252723713
0.7691304402866098,0.9451181911613566,-0.881748297451104
0.7744617978025191,0.9451181911613566,-0.8836573337214476
0.7798301105232586,0.9453237410071943,-0.8855183315029057
0.7852356346100718,0.9453237410071943,-0.8872576833130588
0.7906786279998254,0.9457348406988695,-0.8889889080820406
0.7961593504173192,0.9457348406988695,-0.8907937091447248
0.801678063387679,0.9457348406988695,-0.8930288793305544
0.8072350302488382,0.9457348406988695,-0.8959251535136618
0.8128305161640995,0.9457348406988695,-0.8987610009736213
0.8184647881347903,0.9457348406988695,-0.901326466752739
0.8241381150130022,0.9459403905447071,-0.903607668743131
0.8298507675144225,0.9461459403905447,-0.9068371442017521
0.8356030182312483,0.9463514902363823,-0.9089617178722778
0.8413951416451956,0.9463514902363823,-0.9117880028909006
0.8472274141405963,0.9463514902363823,-0.9138574329821497
0.8531001140175896,0.9463514902363823,-0.9164304641580658
0.859013521505396,0.9463514902363823,-0.9190377418537025
0.8649679187756938,0.9463514902363823,-0.9222283808469318
0.8709635899560806,0.9463514902363823,-0.9246955873615381
0.8770008211436349,0.9463514902363823,-0.9286491313024682
0.8830799004185631,0.9463514902363823,-0.9316225680335533
0.8892011178579481,0.9463514902363823,-0.9356942185528357
0.8953647655495938,0.9463514902363823,-0.9399839768586942
0.9015711376059571,0.9463514902363823,-0.9440749254180479
0.9078205301781861,0.9463514902363823,-0.9483469241967446
0.91411324147025,0.94655704008222,-0.9530605895739994
0.9204495717531712,0.9467625899280575,-0.9570118965252332
0.9268298233793494,0.9467625899280575,-0.9617865768931966
0.9332543007969915,0.9467625899280575,-0.9680073097207131
0.9397233105646375,0.9467625899280575,-0.9747603325748282
0.946237161365793,0.9467625899280575,-0.9815178272981369
0.9527961640236521,0.9467625899280575,-0.9881062484728999
0.9594006315159336,0.9467625899280575,-0.9971534382338234
0.9660508789898131,0.9467625899280575,-1.0052989547834439
0.9727472237769651,0.9467625899280575,-1.0162298333490334
0.9794899854086991,0.9469681397738952,-1.0272342741631237
0.9862794856312109,0.9469681397738952,-1.0499940775326204
0.9931160484209335,0.9471736896197328,-1.072203968914753
